status,parse_error
error,missing generated.java
error,missing generated.java
error,missing generated.java
error,missing generated.java
error,missing generated.java
error,missing generated.java
error,missing generated.java
error,missing generated.java
error,missing generated.java
error,missing generated.java
error,missing generated.java
error,missing generated.java
error,missing generated.java
error,missing generated.java
error,missing generated.java
error,missing generated.java
error,missing generated.java
error,missing generated.java
error,missing generated.java
error,missing generated.java
